<?xml version="1.0" encoding="UTF-8"?>
<databaseChangeLog xmlns="http://www.liquibase.org/xml/ns/dbchangelog" xmlns:ext="http://www.liquibase.org/xml/ns/dbchangelog-ext"
	xmlns:xsi="http://www.w3.org/2001/XMLSchema-instance"
	xsi:schemaLocation="http://www.liquibase.org/xml/ns/dbchangelog http://www.liquibase.org/xml/ns/dbchangelog/dbchangelog-2.0.xsd  http://www.liquibase.org/xml/ns/dbchangelog-ext http://www.liquibase.org/xml/ns/dbchangelog/dbchangelog-ext.xsd">
	<changeSet id="20190508_215000" author="Gustavo e Uéslei">
		<preConditions onFail="CONTINUE">
			<not>
				<tableExists tableName="tb_sincronizacaoitem" />
			</not>
		</preConditions>
		<createTable tableName="tb_sincronizacaoitem">
			<column name="id_sincronizacaoitem" type="${numeric.18x0}" remarks="CÓDIGO INDENTIFICADOR">
				<constraints primaryKey="true" primaryKeyName="sincronizacaoitem_pk" nullable="false" />
			</column>
			<column name="cd_tabela" type="${numeric.18x0}" remarks="CÓDIGO DA TABELA">
				<constraints nullable="false" />
			</column>
			<column name="nr_sincronizacaoversao" type="${numeric.18x0}" remarks="VERSÃO ATUAL DA TABELA">
				<constraints nullable="false" />
			</column>
		</createTable>

		<createSequence sequenceName="gen_sincronizacaoitem" />

	</changeSet>
</databaseChangeLog>
