<?xml version="1.0" encoding="UTF-8"?>
<databaseChangeLog xmlns="http://www.liquibase.org/xml/ns/dbchangelog" xmlns:ext="http://www.liquibase.org/xml/ns/dbchangelog-ext"
	xmlns:xsi="http://www.w3.org/2001/XMLSchema-instance"
	xsi:schemaLocation="http://www.liquibase.org/xml/ns/dbchangelog http://www.liquibase.org/xml/ns/dbchangelog/dbchangelog-2.0.xsd  http://www.liquibase.org/xml/ns/dbchangelog-ext http://www.liquibase.org/xml/ns/dbchangelog/dbchangelog-ext.xsd">
	<changeSet id="20210927_211800" author="Leandro Zanatta" logicalFilePath="20210927_211800_alterar_tamanho_documento.xml">
		<preConditions onFail="CONTINUE">
			<columnExists tableName="tb_faturamentodetalhe" columnName="nr_documento" />
		</preConditions>
		<modifyDataType tableName="tb_faturamentodetalhe" columnName="nr_documento" newDataType="${varchar.100}" />
	</changeSet>
	<changeSet id="20210927_211800_2" author="Leandro Zanatta" logicalFilePath="20210927_211800_alterar_tamanho_documento.xml">
		<preConditions onFail="CONTINUE">
			<columnExists tableName="tb_faturamentoentradasdetalhe" columnName="nr_documento" />
		</preConditions>
		<modifyDataType tableName="tb_faturamentoentradasdetalhe" columnName="nr_documento" newDataType="${varchar.100}" />
	</changeSet>

</databaseChangeLog>
