<?xml version="1.0" encoding="UTF-8"?>
<databaseChangeLog xmlns="http://www.liquibase.org/xml/ns/dbchangelog" xmlns:ext="http://www.liquibase.org/xml/ns/dbchangelog-ext"
	xmlns:xsi="http://www.w3.org/2001/XMLSchema-instance"
	xsi:schemaLocation="http://www.liquibase.org/xml/ns/dbchangelog http://www.liquibase.org/xml/ns/dbchangelog/dbchangelog-2.0.xsd  http://www.liquibase.org/xml/ns/dbchangelog-ext http://www.liquibase.org/xml/ns/dbchangelog/dbchangelog-ext.xsd">
	<changeSet id="20201202_003900" author="Leandro Zanatta" logicalFilePath="20201202_003900_reprocesamento_faturamento.xml">
		<preConditions onFail="MARK_RAN">
			<and>
				<dbms type="h2" />
				<not>
					<sqlCheck expectedResult="0">
						select count(*) from tb_faturamento
					</sqlCheck>
				</not>
			</and>
		</preConditions>

		<sql splitStatements="true" stripComments="true">
			<![CDATA[
			INSERT INTO TB_FATURAMENTOCABECALHO
			SELECT ID_FATURAMENTO, CD_CAIXACABECALHO, CD_HISTORICO, CD_CLIENTE, DT_MOVIMENTO, VL_BRUTO+VL_ACRESCIMO-VL_DESCONTO FROM TB_FATURAMENTO;

			INSERT INTO TB_FATURAMENTODETALHE
			SELECT	GEN_FATURAMENTODETALHE.NEXTVAL,ID_FATURAMENTO, CD_VEICULO, CD_MOTORISTA, NR_DOCUMENTO, VL_BRUTO, VL_DESCONTO, VL_ACRESCIMO FROM
			TB_FATURAMENTO FC LEFT JOIN TB_FATURAMENTOTRANSPORTE ON TB_FATURAMENTOTRANSPORTE.CD_FATURAMENTO = FC.ID_FATURAMENTO;

			INSERT INTO	TB_FATURAMENTOPAGAMENTOS
			SELECT GEN_FATURAMENTOPAGAMENTOS.NEXTVAL, ID_FATURAMENTO , CD_FORMAPAGAMENTO, DT_LANCAMENTO,
			DT_VENCIMENTO, NR_PARCELA, VL_PARCELA FROM	TB_FATURAMENTO FC	INNER JOIN TB_FATURAMENTOPAGAMENTO	ON TB_FATURAMENTOPAGAMENTO.CD_FATURAMENTO =	FC.ID_FATURAMENTO;
			
			ALTER SEQUENCE GEN_FATURAMENTOCABECALHO RESTART WITH (SELECT MAX(ID_FATURAMENTO)+1 FROM TB_FATURAMENTO);
			]]>
		</sql>

	</changeSet>

	<changeSet id="20201202_011500" author="Leandro Zanatta" logicalFilePath="20201202_003900_reprocesamento_faturamento.xml">
		<preConditions onFail="MARK_RAN">
			<and>
				<dbms type="h2" />
				<not>
					<sqlCheck expectedResult="0">
						select count(*) from tb_faturamentoentrada
					</sqlCheck>
				</not>
			</and>
		</preConditions>

		<sql splitStatements="true" stripComments="true">
			<![CDATA[
			INSERT INTO TB_FATURAMENTOENTRADASCABECALHO
			SELECT ID_FATURAMENTOENTRADA, CD_CAIXACABECALHO, CD_HISTORICO, CD_CENTROCUSTO, CD_CLIENTE, DT_MOVIMENTO, VL_BRUTO+VL_ACRESCIMO-VL_DESCONTO FROM TB_FATURAMENTOENTRADA;
			
			INSERT INTO TB_FATURAMENTOENTRADASDETALHE
			SELECT GEN_FATURAMENTOENTRADASDETALHE.NEXTVAL, ID_FATURAMENTOENTRADA, CD_VEICULO, CD_MOTORISTA, NR_DOCUMENTO, VL_BRUTO, VL_DESCONTO, VL_ACRESCIMO FROM TB_FATURAMENTOENTRADA FC;
			
			INSERT INTO	TB_FATURAMENTOENTRADAPAGAMENTOS
			SELECT GEN_FATURAMENTOENTRADAPAGAMENTOS.NEXTVAL, ID_FATURAMENTOENTRADA , CD_FORMAPAGAMENTO, DT_LANCAMENTO,
			DT_VENCIMENTO, NR_PARCELA, VL_PARCELA FROM	TB_FATURAMENTOENTRADA FC INNER JOIN TB_FATURAMENTOENTRADAPAGAMENTO	ON TB_FATURAMENTOENTRADAPAGAMENTO.CD_FATURAMENTOENTRADA =	FC.ID_FATURAMENTOENTRADA;
			
			ALTER SEQUENCE GEN_FATURAMENTOENTRADASCABECALHO RESTART WITH (SELECT MAX(ID_FATURAMENTOENTRADASCABECALHO)+1 FROM TB_FATURAMENTOENTRADASCABECALHO);
			]]>
		</sql>

	</changeSet>

<!-- 	<changeSet id="20201202_013300" author="Leandro Zanatta" logicalFilePath="20201202_003900_reprocesamento_faturamento.xml">
		<dropTable tableName="TB_FATURAMENTOTRANSPORTE"/>
		<dropTable tableName="TB_FATURAMENTOPAGAMENTO" />
		<dropTable tableName="TB_FATURAMENTOENTRADAPAGAMENTO" />
		<dropTable tableName="TB_FATURAMENTO" />
		<dropTable tableName="TB_FATURAMENTOENTRADA" />

		<dropSequence sequenceName="GEN_FATURAMENTOPAGAMENTO" />
		<dropSequence sequenceName="GEN_FATURAMENTOENTRADAPAGAMENTO" />
		<dropSequence sequenceName="GEN_FATURAMENTO" />
		<dropSequence sequenceName="GEN_FATURAMENTOENTRADA" />

	</changeSet> -->
</databaseChangeLog>
