<?xml version="1.0" encoding="UTF-8"?>
<databaseChangeLog xmlns="http://www.liquibase.org/xml/ns/dbchangelog" xmlns:ext="http://www.liquibase.org/xml/ns/dbchangelog-ext"
	xmlns:xsi="http://www.w3.org/2001/XMLSchema-instance"
	xsi:schemaLocation="http://www.liquibase.org/xml/ns/dbchangelog http://www.liquibase.org/xml/ns/dbchangelog/dbchangelog-2.0.xsd  http://www.liquibase.org/xml/ns/dbchangelog-ext http://www.liquibase.org/xml/ns/dbchangelog/dbchangelog-ext.xsd">
	<changeSet id="20201202_001900" author="Leandro Zanatta" logicalFilePath="20201202_001900_tb_faturamentoentradapagamentos.xml">
		<preConditions onFail="CONTINUE">
			<not>
				<tableExists tableName="tb_faturamentoentradapagamentos" />
			</not>
		</preConditions>
		<createTable tableName="tb_faturamentoentradapagamentos">

			<column name="id_faturamentoentradapagamentos" type="${numeric.18x0}" remarks="CÓDIGO INDENTIFICADOR">
				<constraints primaryKey="true" primaryKeyName="faturamentoentradapagamentos_pk" nullable="false" />
			</column>

			<column name="cd_faturamentoentradascabecalho" type="${numeric.18x0}" remarks="CÓDIGO DO CABEÇALHO DE FATURAMENTO">
				<constraints nullable="false" foreignKeyName="faturamentoentradapagamentos_faturamentoentradascabecalho_fk"
					references="tb_faturamentoentradascabecalho(id_faturamentoentradascabecalho)" />
			</column>

			<column name="cd_formapagamento" type="${numeric.18x0}" remarks="CÓDIGO DA FORMA DE PAGAMENTO">
				<constraints nullable="false" foreignKeyName="faturamentoentradapagamentos_formapagamento_fk"
					references="tb_formapagamento(id_formapagamento)" />
			</column>

			<column name="dt_lancamento" type="${timestamp}" remarks="DATA DE LANÇAMENTO">
				<constraints nullable="false" />
			</column>

			<column name="dt_vencimento" type="${date}" remarks="DATA DE VENCIMENTO">
				<constraints nullable="false" />
			</column>

			<column name="nr_parcela" type="${numeric.18x0}" remarks="NÚMERO DA PARCELA">
				<constraints nullable="false" />
			</column>

			<column name="vl_parcela" type="${numeric.18x2}" remarks="VALOR DA PARCELA">
				<constraints nullable="false" />
			</column>

		</createTable>

		<createSequence sequenceName="gen_faturamentoentradapagamentos" />

	</changeSet>
</databaseChangeLog>
