<?xml version="1.0" encoding="UTF-8"?>
<databaseChangeLog xmlns="http://www.liquibase.org/xml/ns/dbchangelog" xmlns:ext="http://www.liquibase.org/xml/ns/dbchangelog-ext"
	xmlns:xsi="http://www.w3.org/2001/XMLSchema-instance"
	xsi:schemaLocation="http://www.liquibase.org/xml/ns/dbchangelog http://www.liquibase.org/xml/ns/dbchangelog/dbchangelog-2.0.xsd  http://www.liquibase.org/xml/ns/dbchangelog-ext http://www.liquibase.org/xml/ns/dbchangelog/dbchangelog-ext.xsd">
	<changeSet id="20220221_202300" author="Leandro Zanatta" logicalFilePath="20220221_202300_tb_vinculoabastecimento.xml">
		<preConditions onFail="CONTINUE">
			<not>
				<tableExists tableName="tb_vinculoabastecimento" />
			</not>
		</preConditions>
		<createTable tableName="tb_vinculoabastecimento">

			<column name="id_vinculoabastecimento" type="${numeric.18x0}" remarks="CÓDIGO INDENTIFICADOR">
				<constraints primaryKey="true" primaryKeyName="vinculoabastecimento_pk" nullable="false" />
			</column>

			<column name="cd_faturamentoentrada" type="${numeric.18x0}" remarks="CÓDIGO DO FATURAMENTO DE ENTRADA">
				<constraints nullable="false" foreignKeyName="vinculoabastecimento_faturamentoentrada_fk"
					references="tb_faturamentoentradascabecalho(id_faturamentoentradascabecalho)" />
			</column>

			<column name="cd_abastecimentoveiculo" type="${numeric.18x0}" remarks="CÓDIGO DO ABASTECIMENTO">
				<constraints nullable="false" foreignKeyName="vinculoabastecimento_abastecimentoveiculo_fk"
					references="tb_abastecimentoveiculo(id_abastecimentoveiculo)" />
			</column>

		</createTable>

		<createSequence sequenceName="gen_vinculoabastecimento" />
	</changeSet>
</databaseChangeLog>
