<?xml version="1.0" encoding="UTF-8"?>
<databaseChangeLog xmlns="http://www.liquibase.org/xml/ns/dbchangelog" xmlns:ext="http://www.liquibase.org/xml/ns/dbchangelog-ext"
	xmlns:xsi="http://www.w3.org/2001/XMLSchema-instance"
	xsi:schemaLocation="http://www.liquibase.org/xml/ns/dbchangelog http://www.liquibase.org/xml/ns/dbchangelog/dbchangelog-2.0.xsd  http://www.liquibase.org/xml/ns/dbchangelog-ext http://www.liquibase.org/xml/ns/dbchangelog/dbchangelog-ext.xsd">
	<changeSet id="20220326_210200" author="Leandro Zanatta" logicalFilePath="20220326_210200_tb_abastecimentopagamento.xml">
		<preConditions onFail="CONTINUE">
			<not>
				<tableExists tableName="tb_abastecimentopagamento" />
			</not>
		</preConditions>
		<createTable tableName="tb_abastecimentopagamento">

			<column name="id_abastecimentopagamento" type="${numeric.18x0}" remarks="CÓDIGO INDENTIFICADOR">
				<constraints primaryKey="true" primaryKeyName="abastecimentopagamento_pk" nullable="false" />
			</column>

			<column name="cd_abastecimentoveiculo" type="${numeric.18x0}" remarks="CÓDIGO DO ABASTECIMENO">
				<constraints nullable="false" foreignKeyName="abastecimentopagamento_abastecimentoveiculo_fk"
					references="tb_abastecimentoveiculo(id_abastecimentoveiculo)" />
			</column>

			<column name="dt_lancamento" type="${timestamp}" remarks="DATA DO LANÇAMENTO">
				<constraints nullable="false" />
			</column>

			<column name="dt_vencimento" type="${date}" remarks="DATA DO VENCIMENTO">
				<constraints nullable="false" />
			</column>

			<column name="nr_parcela" type="${numeric.18x0}" remarks="NÚMERO DA PARCELA">
				<constraints nullable="false" />
			</column>

			<column name="vl_parcela" type="${numeric.18x2}" remarks="VALOR DA PARCELA">
				<constraints nullable="false" />
			</column>

		</createTable>

		<createSequence sequenceName="gen_abastecimentopagamento" />
	</changeSet>
</databaseChangeLog>
