<?xml version="1.0" encoding="UTF-8"?>
<databaseChangeLog xmlns="http://www.liquibase.org/xml/ns/dbchangelog" xmlns:ext="http://www.liquibase.org/xml/ns/dbchangelog-ext"
	xmlns:xsi="http://www.w3.org/2001/XMLSchema-instance"
	xsi:schemaLocation="http://www.liquibase.org/xml/ns/dbchangelog http://www.liquibase.org/xml/ns/dbchangelog/dbchangelog-2.0.xsd  http://www.liquibase.org/xml/ns/dbchangelog-ext http://www.liquibase.org/xml/ns/dbchangelog/dbchangelog-ext.xsd">
	<changeSet id="20201012_191800" author="Leandro Zanatta" logicalFilePath="20201012_191800_add_campo_tb_veiculo.xml">
		<preConditions onFail="CONTINUE">
			<tableExists tableName="tb_veiculo" />
		</preConditions>

		<addColumn tableName="tb_veiculo">
			<column name="cd_motorista" type="${numeric.18x0}" />
		</addColumn>

		<addForeignKeyConstraint constraintName="veiculo_motorista_fk" baseTableName="tb_veiculo" baseColumnNames="cd_motorista"
			referencedTableName="tb_motorista" referencedColumnNames="id_motorista" />

	</changeSet>
</databaseChangeLog>
