<?xml version="1.0" encoding="UTF-8"?>
<databaseChangeLog xmlns="http://www.liquibase.org/xml/ns/dbchangelog" xmlns:ext="http://www.liquibase.org/xml/ns/dbchangelog-ext"
	xmlns:xsi="http://www.w3.org/2001/XMLSchema-instance"
	xsi:schemaLocation="http://www.liquibase.org/xml/ns/dbchangelog http://www.liquibase.org/xml/ns/dbchangelog/dbchangelog-2.0.xsd  http://www.liquibase.org/xml/ns/dbchangelog-ext http://www.liquibase.org/xml/ns/dbchangelog/dbchangelog-ext.xsd">
	<changeSet id="20190626_113900" author="Leandro Zanatta">

		<insert tableName="tb_programa">
			<column name="id_programa" value="1" />
			<column name="cd_aplicativo" value="1" />
			<column name="nr_ordem" value="1" />
			<column name="tx_descricao" value="FRMAPPLICATION_MN_CADASTRO" />
			<column name="fl_acessorapido" valueBoolean="false" />
		</insert>

		<insert tableName="tb_programa">
			<column name="id_programa" value="2" />
			<column name="cd_aplicativo" value="1" />
			<column name="nr_ordem" value="2" />
			<column name="cd_programa" value="1" />
			<column name="tx_descricao" value="FRMAPPLICATION_MI_PERFIS" />
			<column name="tx_icone" value="perfil.png" />
			<column name="fl_acessorapido" valueBoolean="false" />
		</insert>

		<insert tableName="tb_programa">
			<column name="id_programa" value="3" />
			<column name="cd_aplicativo" value="1" />
			<column name="nr_ordem" value="3" />
			<column name="cd_programa" value="1" />
			<column name="tx_descricao" value="FRMAPPLICATION_MI_ESTADOS" />
			<column name="tx_icone" value="estado.png" />
			<column name="fl_acessorapido" valueBoolean="false" />
		</insert>

		<insert tableName="tb_programa">
			<column name="id_programa" value="4" />
			<column name="cd_aplicativo" value="1" />
			<column name="nr_ordem" value="4" />
			<column name="cd_programa" value="1" />
			<column name="tx_descricao" value="FRMAPPLICATION_MI_CIDADES" />
			<column name="tx_icone" value="cidade.png" />
			<column name="fl_acessorapido" valueBoolean="false" />
		</insert>

		<insert tableName="tb_programa">
			<column name="id_programa" value="5" />
			<column name="cd_aplicativo" value="1" />
			<column name="nr_ordem" value="6" />
			<column name="cd_programa" value="1" />
			<column name="tx_descricao" value="FRMAPPLICATION_MI_CLIENTES" />
			<column name="tx_icone" value="cliente.png" />
			<column name="fl_acessorapido" valueBoolean="true" />
		</insert>

		<insert tableName="tb_programa">
			<column name="id_programa" value="6" />
			<column name="cd_aplicativo" value="1" />
			<column name="cd_programa" value="1" />
			<column name="nr_ordem" value="7" />
			<column name="tx_descricao" value="FRMAPPLICATION_MI_USUARIOS" />
			<column name="fl_acessorapido" valueBoolean="true" />
		</insert>

		<insert tableName="tb_programa">
			<column name="id_programa" value="7" />
			<column name="cd_aplicativo" value="1" />
			<column name="nr_ordem" value="6" />
			<column name="tx_descricao" value="FRMAPPLICATION_MN_PESQUISA" />
			<column name="fl_acessorapido" valueBoolean="false" />
		</insert>

		<insert tableName="tb_programa">
			<column name="id_programa" value="8" />
			<column name="cd_aplicativo" value="1" />
			<column name="nr_ordem" value="1" />
			<column name="cd_programa" value="7" />
			<column name="tx_descricao" value="FRMAPPLICATION_MI_PESQUISA_BASICA" />
			<column name="tx_icone" value="pesquisa.png" />
			<column name="fl_acessorapido" valueBoolean="false" />
		</insert>

		<insert tableName="tb_programa">
			<column name="id_programa" value="9" />
			<column name="cd_aplicativo" value="1" />
			<column name="nr_ordem" value="1" />
			<column name="cd_programa" value="6" />
			<column name="tx_descricao" value="FRMAPPLICATION_MI_CADASTRO_USUARIOS" />
			<column name="tx_icone" value="usuario.png" />
			<column name="fl_acessorapido" valueBoolean="false" />
		</insert>

		<insert tableName="tb_programa">
			<column name="id_programa" value="10" />
			<column name="cd_aplicativo" value="1" />
			<column name="nr_ordem" value="2" />
			<column name="cd_programa" value="6" />
			<column name="tx_descricao" value="FRMAPPLICATION_MI_PERMISSAO_MENUS" />
			<column name="tx_icone" value="permissao.png" />
			<column name="fl_acessorapido" valueBoolean="false" />
		</insert>

		<insert tableName="tb_programa">
			<column name="id_programa" value="11" />
			<column name="cd_aplicativo" value="1" />
			<column name="nr_ordem" value="7" />
			<column name="cd_programa" value="1" />
			<column name="tx_descricao" value="FRMAPPLICATION_MI_VEICULOS" />
			<column name="tx_icone" value="veiculos.png" />
			<column name="fl_acessorapido" valueBoolean="false" />
		</insert>

		<insert tableName="tb_programa">
			<column name="id_programa" value="13" />
			<column name="cd_aplicativo" value="1" />
			<column name="nr_ordem" value="9" />
			<column name="cd_programa" value="1" />
			<column name="tx_descricao" value="FRMAPPLICATION_MI_FUNCIONARIO" />
			<column name="tx_icone" value="funcionario.png" />
			<column name="fl_acessorapido" valueBoolean="false" />
		</insert>

		<insert tableName="tb_programa">
			<column name="id_programa" value="14" />
			<column name="cd_aplicativo" value="1" />
			<column name="nr_ordem" value="5" />
			<column name="cd_programa" value="1" />
			<column name="tx_descricao" value="FRMAPPLICATION_MI_GRUPOS" />
			<column name="tx_icone" value="grupo.png" />
			<column name="fl_acessorapido" valueBoolean="false" />
		</insert>

	</changeSet>

	<changeSet id="20200425_100500" author="Leandro Zanatta">

		<insert tableName="tb_programa">
			<column name="id_programa" value="17" />
			<column name="cd_aplicativo" value="1" />
			<column name="nr_ordem" value="3" />
			<column name="tx_descricao" value="FRMAPPLICATION_MI_FINANCEIRO" />
			<column name="tx_icone" value="financeiro.png" />
			<column name="fl_acessorapido" valueBoolean="false" />
		</insert>

		<insert tableName="tb_programa">
			<column name="id_programa" value="19" />
			<column name="nr_ordem" value="2" />
			<column name="cd_aplicativo" value="1" />
			<column name="cd_programa" value="17" />
			<column name="tx_descricao" value="FRMAPPLICATION_MI_FORMAS_PAGAMENTOS" />
			<column name="tx_icone" value="formaspagamento.png" />
			<column name="fl_acessorapido" valueBoolean="false" />
		</insert>

		<insert tableName="tb_programa">
			<column name="id_programa" value="20" />
			<column name="nr_ordem" value="3" />
			<column name="cd_aplicativo" value="1" />
			<column name="cd_programa" value="17" />
			<column name="tx_descricao" value="FRMAPPLICATION_MI_HISTORICOS" />
			<column name="tx_icone" value="historicos.png" />
			<column name="fl_acessorapido" valueBoolean="false" />
		</insert>

		<insert tableName="tb_programa">
			<column name="id_programa" value="24" />
			<column name="cd_aplicativo" value="1" />
			<column name="cd_programa" value="17" />
			<column name="nr_ordem" value="4" />
			<column name="tx_descricao" value="FRMAPPLICATION_MI_CONTAS_RECEBER" />
			<column name="tx_icone" value="contasreceber.png" />
			<column name="fl_acessorapido" valueBoolean="false" />
		</insert>

		<insert tableName="tb_programa">
			<column name="id_programa" value="26" />
			<column name="cd_aplicativo" value="1" />
			<column name="cd_programa" value="24" />
			<column name="nr_ordem" value="1" />
			<column name="tx_descricao" value="FRMAPPLICATION_MI_GERAR_CONTAS_RECEBER" />
			<column name="tx_icone" value="gerarcontasreceber.png" />
			<column name="fl_acessorapido" valueBoolean="false" />
		</insert>

		<insert tableName="tb_programa">
			<column name="id_programa" value="27" />
			<column name="cd_aplicativo" value="1" />
			<column name="cd_programa" value="24" />
			<column name="nr_ordem" value="1" />
			<column name="tx_descricao" value="FRMAPPLICATION_MI_CONSULTAR_CONTAS_RECEBER" />
			<column name="tx_icone" value="consultarcontasreceber.png" />
			<column name="fl_acessorapido" valueBoolean="false" />
		</insert>

	</changeSet>

	<changeSet id="20201012_181100" author="Leandro Zanatta">

		<insert tableName="tb_programa">
			<column name="id_programa" value="12" />
			<column name="cd_aplicativo" value="1" />
			<column name="cd_programa" value="1" />
			<column name="nr_ordem" value="10" />
			<column name="tx_descricao" value="FRMAPPLICATION_MI_MOTORISTAS" />
			<column name="tx_icone" value="motorista.png" />
			<column name="fl_acessorapido" valueBoolean="false" />
		</insert>

		<insert tableName="tb_programa">
			<column name="id_programa" value="15" />
			<column name="nr_ordem" value="11" />
			<column name="cd_aplicativo" value="1" />
			<column name="cd_programa" value="1" />
			<column name="tx_descricao" value="FRMAPPLICATION_MI_PARAMETROS" />
			<column name="tx_icone" value="parametros.png" />
			<column name="fl_acessorapido" valueBoolean="false" />
		</insert>

		<update tableName="tb_programa">
			<column name="nr_ordem" value="6" />
			<where>id_programa='5'</where>
		</update>

		<update tableName="tb_programa">
			<column name="nr_ordem" value="8" />
			<where>id_programa='13'</where>
		</update>

		<update tableName="tb_programa">
			<column name="nr_ordem" value="2" />
			<where>id_programa='27'</where>
		</update>

		<update tableName="tb_programa">
			<column name="nr_ordem" value="9" />
			<where>id_programa='11'</where>
		</update>
	</changeSet>


	<changeSet id="20201017_172000" author="Leandro Zanatta">
		<insert tableName="tb_programa">
			<column name="id_programa" value="22" />
			<column name="cd_aplicativo" value="1" />
			<column name="nr_ordem" value="4" />
			<column name="tx_descricao" value="FRMAPPLICATION_MN_CONTABILIDADE" />
			<column name="tx_icone" value="contabilidade.png" />
			<column name="fl_acessorapido" valueBoolean="false" />
		</insert>
		<insert tableName="tb_programa">
			<column name="id_programa" value="23" />
			<column name="cd_aplicativo" value="1" />
			<column name="cd_programa" value="22" />
			<column name="nr_ordem" value="1" />
			<column name="tx_descricao" value="FRMAPPLICATION_MI_PLANO_CONTAS" />
			<column name="tx_icone" value="planocontas.png" />
			<column name="fl_acessorapido" valueBoolean="false" />
		</insert>
		<insert tableName="tb_programa">
			<column name="id_programa" value="21" />
			<column name="cd_aplicativo" value="1" />
			<column name="cd_programa" value="17" />
			<column name="nr_ordem" value="2" />
			<column name="tx_descricao" value="FRMAPPLICATION_MI_CAIXA" />
			<column name="tx_icone" value="caixa.png" />
			<column name="fl_acessorapido" valueBoolean="false" />
		</insert>
		<insert tableName="tb_programa">
			<column name="id_programa" value="25" />
			<column name="cd_aplicativo" value="1" />
			<column name="cd_programa" value="21" />
			<column name="nr_ordem" value="2" />
			<column name="tx_descricao" value="FRMAPPLICATION_MI_CAIXA_ABERTURA" />
			<column name="tx_icone" value="caixa-abertura.png" />
			<column name="fl_acessorapido" valueBoolean="false" />
		</insert>
		<insert tableName="tb_programa">
			<column name="id_programa" value="33" />
			<column name="cd_aplicativo" value="1" />
			<column name="cd_programa" value="21" />
			<column name="nr_ordem" value="3" />
			<column name="tx_descricao" value="FRMAPPLICATION_MI_CAIXA_FECHAMENTO" />
			<column name="tx_icone" value="caixa-fechamento.png" />
			<column name="fl_acessorapido" valueBoolean="false" />
		</insert>
		<insert tableName="tb_programa">
			<column name="id_programa" value="34" />
			<column name="cd_aplicativo" value="1" />
			<column name="cd_programa" value="21" />
			<column name="nr_ordem" value="4" />
			<column name="tx_descricao" value="FRMAPPLICATION_MI_CAIXA_RESUMO" />
			<column name="tx_icone" value="caixa-resumo.png" />
			<column name="fl_acessorapido" valueBoolean="false" />
		</insert>
		<insert tableName="tb_programa">
			<column name="id_programa" value="28" />
			<column name="cd_aplicativo" value="1" />
			<column name="nr_ordem" value="2" />
			<column name="tx_descricao" value="FRMAPPLICATION_MN_FATURAMENTO" />
			<column name="tx_icone" value="faturamento.png" />
			<column name="fl_acessorapido" valueBoolean="false" />
		</insert>
		<insert tableName="tb_programa">
			<column name="id_programa" value="29" />
			<column name="cd_aplicativo" value="1" />
			<column name="cd_programa" value="28" />
			<column name="nr_ordem" value="1" />
			<column name="tx_descricao" value="FRMAPPLICATION_MI_OPERACOES" />
			<column name="tx_icone" value="operacoes.png" />
			<column name="fl_acessorapido" valueBoolean="false" />
		</insert>
		<insert tableName="tb_programa">
			<column name="id_programa" value="30" />
			<column name="cd_aplicativo" value="1" />
			<column name="cd_programa" value="29" />
			<column name="nr_ordem" value="1" />
			<column name="tx_descricao" value="FRMAPPLICATION_MI_OPERACOES-CADASTRO" />
			<column name="tx_icone" value="operacoes-cadastro.png" />
			<column name="fl_acessorapido" valueBoolean="false" />
		</insert>
		<insert tableName="tb_programa">
			<column name="id_programa" value="31" />
			<column name="cd_aplicativo" value="1" />
			<column name="cd_programa" value="29" />
			<column name="nr_ordem" value="2" />
			<column name="tx_descricao" value="FRMAPPLICATION_MI_OPERACOES-HISTORICO" />
			<column name="tx_icone" value="operacoes-historico.png" />
			<column name="fl_acessorapido" valueBoolean="false" />
		</insert>
		<insert tableName="tb_programa">
			<column name="id_programa" value="32" />
			<column name="cd_aplicativo" value="1" />
			<column name="cd_programa" value="28" />
			<column name="nr_ordem" value="2" />
			<column name="tx_descricao" value="FRMAPPLICATION_MI_LANCAMENTOS" />
			<column name="tx_icone" value="operacoes-lancamento.png" />
			<column name="fl_acessorapido" valueBoolean="true" />
		</insert>

		<insert tableName="tb_programa">
			<column name="id_programa" value="35" />
			<column name="cd_aplicativo" value="1" />
			<column name="cd_programa" value="21" />
			<column name="nr_ordem" value="1" />
			<column name="tx_descricao" value="FRMAPPLICATION_MI_CAIXA_CADASTRO" />
			<column name="tx_icone" value="caixa-cadastro.png" />
			<column name="fl_acessorapido" valueBoolean="true" />
		</insert>

		<delete tableName="tb_permissaoprograma">
			<where>cd_programa=20</where>
		</delete>

		<delete tableName="tb_programa">
			<where>id_programa=20</where>
		</delete>
	</changeSet>

	<changeSet id="20201030_171200" author="Leandro Zanatta">
		<insert tableName="tb_programa">
			<column name="id_programa" value="36" />
			<column name="cd_aplicativo" value="1" />
			<column name="cd_programa" value="17" />
			<column name="nr_ordem" value="5" />
			<column name="tx_descricao" value="FRMAPPLICATION_MI_CONTAS_PAGAR" />
			<column name="tx_icone" value="contaspagar.png" />
			<column name="fl_acessorapido" valueBoolean="false" />
		</insert>
		<insert tableName="tb_programa">
			<column name="id_programa" value="37" />
			<column name="cd_aplicativo" value="1" />
			<column name="cd_programa" value="36" />
			<column name="nr_ordem" value="1" />
			<column name="tx_descricao" value="FRMAPPLICATION_MI_GERAR_CONTAS_PAGAR" />
			<column name="tx_icone" value="gerarcontaspagar.png" />
			<column name="fl_acessorapido" valueBoolean="false" />
		</insert>
		<insert tableName="tb_programa">
			<column name="id_programa" value="38" />
			<column name="cd_aplicativo" value="1" />
			<column name="cd_programa" value="36" />
			<column name="nr_ordem" value="2" />
			<column name="tx_descricao" value="FRMAPPLICATION_MI_CONSULTAR_CONTAS_PAGAR" />
			<column name="tx_icone" value="consultarcontaspagar.png" />
			<column name="fl_acessorapido" valueBoolean="false" />
		</insert>

	</changeSet>

	<changeSet id="20201107_132100" author="Leandro Zanatta">
		<insert tableName="tb_programa">
			<column name="id_programa" value="39" />
			<column name="cd_aplicativo" value="1" />
			<column name="cd_programa" value="1" />
			<column name="nr_ordem" value="12" />
			<column name="tx_descricao" value="FRMAPPLICATION_MI_CENTRO_CUSTOS" />
			<column name="tx_icone" value="centrocustos.png" />
			<column name="fl_acessorapido" valueBoolean="false" />
		</insert>

		<insert tableName="tb_programa">
			<column name="id_programa" value="40" />
			<column name="cd_aplicativo" value="1" />
			<column name="cd_programa" value="28" />
			<column name="nr_ordem" value="2" />
			<column name="tx_descricao" value="FRMAPPLICATION_MI_HISTORICO_CUSTOS" />
			<column name="tx_icone" value="historicocustos.png" />
			<column name="fl_acessorapido" valueBoolean="false" />
		</insert>

		<insert tableName="tb_programa">
			<column name="id_programa" value="41" />
			<column name="cd_aplicativo" value="1" />
			<column name="cd_programa" value="32" />
			<column name="nr_ordem" value="1" />
			<column name="tx_descricao" value="FRMAPPLICATION_MI_ENTRADAS" />
			<column name="tx_icone" value="lancamento-entradas.png" />
			<column name="fl_acessorapido" valueBoolean="false" />
		</insert>

		<insert tableName="tb_programa">
			<column name="id_programa" value="42" />
			<column name="cd_aplicativo" value="1" />
			<column name="cd_programa" value="32" />
			<column name="nr_ordem" value="2" />
			<column name="tx_descricao" value="FRMAPPLICATION_MI_SAIDAS" />
			<column name="tx_icone" value="lancamento-saidas.png" />
			<column name="fl_acessorapido" valueBoolean="false" />
		</insert>

		<update tableName="tb_programa">
			<column name="nr_ordem" value="3" />
			<where>id_programa=32</where>
		</update>
	</changeSet>

	<changeSet id="20201112_202800" author="Leandro Zanatta">
		<insert tableName="tb_programa">
			<column name="id_programa" value="43" />
			<column name="cd_aplicativo" value="1" />
			<column name="nr_ordem" value="5" />
			<column name="tx_descricao" value="FRMAPPLICATION_MN_RELATORIOS" />
			<column name="tx_icone" value="relatorios" />
			<column name="fl_acessorapido" valueBoolean="false" />
		</insert>

		<insert tableName="tb_programa">
			<column name="id_programa" value="44" />
			<column name="cd_aplicativo" value="1" />
			<column name="cd_programa" value="43" />
			<column name="nr_ordem" value="1" />
			<column name="tx_descricao" value="FRMAPPLICATION_MI_CONTABILIDADE" />
			<column name="tx_icone" value="relatorio-contabilidade.png" />
			<column name="fl_acessorapido" valueBoolean="false" />
		</insert>

		<insert tableName="tb_programa">
			<column name="id_programa" value="45" />
			<column name="cd_aplicativo" value="1" />
			<column name="cd_programa" value="44" />
			<column name="nr_ordem" value="1" />
			<column name="tx_descricao" value="FRMAPPLICATION_MI_DIARIO" />
			<column name="tx_icone" value="relatorio-diario.png" />
			<column name="fl_acessorapido" valueBoolean="false" />
		</insert>
	</changeSet>

	<changeSet id="20201130_201500" author="Leandro Zanatta">

		<insert tableName="tb_programa">
			<column name="id_programa" value="46" />
			<column name="cd_aplicativo" value="1" />
			<column name="cd_programa" value="43" />
			<column name="nr_ordem" value="1" />
			<column name="tx_descricao" value="FRMAPPLICATION_MI_RELATORIO_FATURAMENTO" />
			<column name="tx_icone" value="relatorio-faturamento.png" />
			<column name="fl_acessorapido" valueBoolean="false" />
		</insert>

		<insert tableName="tb_programa">
			<column name="id_programa" value="47" />
			<column name="cd_aplicativo" value="1" />
			<column name="cd_programa" value="46" />
			<column name="nr_ordem" value="1" />
			<column name="tx_descricao" value="FRMAPPLICATION_MI_RELATORIO_DESPESAS" />
			<column name="tx_icone" value="relatorio-faturamento-despesas.png" />
			<column name="fl_acessorapido" valueBoolean="false" />
		</insert>

		<insert tableName="tb_programa">
			<column name="id_programa" value="48" />
			<column name="cd_aplicativo" value="1" />
			<column name="cd_programa" value="43" />
			<column name="nr_ordem" value="2" />
			<column name="tx_descricao" value="FRMAPPLICATION_MI_RELATORIO_FINANCEIRO" />
			<column name="tx_icone" value="relatorio-financeiro.png" />
			<column name="fl_acessorapido" valueBoolean="false" />
		</insert>

		<insert tableName="tb_programa">
			<column name="id_programa" value="49" />
			<column name="cd_aplicativo" value="1" />
			<column name="cd_programa" value="48" />
			<column name="nr_ordem" value="1" />
			<column name="tx_descricao" value="FRMAPPLICATION_MI_RELATORIO_FINANCEIRO_PAGAR" />
			<column name="tx_icone" value="relatorio-financeiro-pagar.png" />
			<column name="fl_acessorapido" valueBoolean="false" />
		</insert>

		<insert tableName="tb_programa">
			<column name="id_programa" value="50" />
			<column name="cd_aplicativo" value="1" />
			<column name="cd_programa" value="48" />
			<column name="nr_ordem" value="2" />
			<column name="tx_descricao" value="FRMAPPLICATION_MI_RELATORIO_FINANCEIRO_RECEBER" />
			<column name="tx_icone" value="relatorio-financeiro-receber.png" />
			<column name="fl_acessorapido" valueBoolean="false" />
		</insert>

		<insert tableName="tb_programa">
			<column name="id_programa" value="51" />
			<column name="cd_aplicativo" value="1" />
			<column name="cd_programa" value="46" />
			<column name="nr_ordem" value="2" />
			<column name="tx_descricao" value="FRMAPPLICATION_MI_RELATORIO_RECEITAS" />
			<column name="tx_icone" value="relatorio-faturamento-receitas.png" />
			<column name="fl_acessorapido" valueBoolean="false" />
		</insert>
	</changeSet>

	<changeSet id="20201221_200300" author="Leandro Zanatta">

		<delete tableName="tb_permissaoprograma">
			<where>cd_programa=26</where>
		</delete>

		<delete tableName="tb_permissaoprograma">
			<where>cd_programa=37</where>
		</delete>

		<delete tableName="tb_programa">
			<where>id_programa=26</where>
		</delete>

		<delete tableName="tb_programa">
			<where>id_programa=37</where>
		</delete>
	</changeSet>

	<changeSet id="20201228_113600" author="Leandro Zanatta">

		<insert tableName="tb_programa">
			<column name="id_programa" value="52" />
			<column name="cd_aplicativo" value="1" />
			<column name="cd_programa" value="46" />
			<column name="nr_ordem" value="3" />
			<column name="tx_descricao" value="FRMAPPLICATION_MI_RELATORIO_FATURAMENTO_BRUTO" />
			<column name="tx_icone" value="relatorio-faturamento-bruto.png" />
			<column name="fl_acessorapido" valueBoolean="false" />
		</insert>
	</changeSet>

	<changeSet id="20210114_171500" author="Leandro Zanatta">

		<insert tableName="tb_programa">
			<column name="id_programa" value="53" />
			<column name="cd_aplicativo" value="1" />
			<column name="cd_programa" value="32" />
			<column name="nr_ordem" value="3" />
			<column name="tx_descricao" value="FRMAPPLICATION_MI_MANUTENCAO_FATURAMENTO" />
			<column name="tx_icone" value="manutencao-faturamento.png" />
			<column name="fl_acessorapido" valueBoolean="false" />
		</insert>

		<insert tableName="tb_programa">
			<column name="id_programa" value="54" />
			<column name="cd_aplicativo" value="1" />
			<column name="cd_programa" value="53" />
			<column name="nr_ordem" value="1" />
			<column name="tx_descricao" value="FRMAPPLICATION_MI_MANUTENCAO_ENTRADAS" />
			<column name="tx_icone" value="manutencao-entrada.png" />
			<column name="fl_acessorapido" valueBoolean="false" />
		</insert>
	</changeSet>

</databaseChangeLog>
