<?xml version="1.0" encoding="UTF-8"?>
<databaseChangeLog xmlns="http://www.liquibase.org/xml/ns/dbchangelog" xmlns:ext="http://www.liquibase.org/xml/ns/dbchangelog-ext"
	xmlns:xsi="http://www.w3.org/2001/XMLSchema-instance"
	xsi:schemaLocation="http://www.liquibase.org/xml/ns/dbchangelog http://www.liquibase.org/xml/ns/dbchangelog/dbchangelog-2.0.xsd  http://www.liquibase.org/xml/ns/dbchangelog-ext http://www.liquibase.org/xml/ns/dbchangelog/dbchangelog-ext.xsd">
	<changeSet id="20201012_215200" author="Leandro Zanatta" logicalFilePath="20201012_215200_tb_contasreceber.xml">

		<preConditions onFail="CONTINUE">
			<not>
				<tableExists tableName="tb_contasreceber" />
			</not>
		</preConditions>

		<createTable tableName="tb_contasreceber">

			<column name="id_contasreceber" type="${numeric.18x0}" remarks="CÓDIGO IDENTIFICADOR">
				<constraints primaryKey="true" primaryKeyName="contasreceber_pk" nullable="false" />
			</column>

			<column name="cd_caixacabecalho" type="${numeric.18x0}" remarks="CÓDIGO DO CAIXA">
				<constraints nullable="false" foreignKeyName="contasreceber_fk" references="tb_caixacabecalho(id_caixacabecalho)" />
			</column>

			<column name="cd_cliente" type="${numeric.18x0}" remarks="CÓDIGO DO CLIENTE">
				<constraints nullable="false" foreignKeyName="cliente_contasreceber_fk" references="tb_cliente(id_cliente)" />
			</column>

			<column name="cd_veiculo" type="${numeric.18x0}" remarks="CÓDIGO DO VEÍCULO">
				<constraints nullable="true" foreignKeyName="veiculo_contasreceber_fk" references="tb_veiculo(id_veiculo)" />
			</column>

			<column name="cd_motorista" type="${numeric.18x0}" remarks="CÓDIGO DO MOTORISTA">
				<constraints nullable="true" foreignKeyName="motorista_contasreceber_fk" references="tb_motorista(id_motorista)" />
			</column>

			<column name="cd_historico" type="${numeric.18x0}" remarks="CÓDIGO DO HISTÓRICO">
				<constraints nullable="false" foreignKeyName="historico_contasreceber_fk" references="tb_historico(id_historico)" />
			</column>

			<column name="cd_formaspagamento" type="${numeric.18x0}" remarks="CÓDIGO DA FORMA DE PAGAMENTO OPTADA">
				<constraints nullable="false" foreignKeyName="pagamento_contasreceber_fk" references="tb_formapagamento(id_formapagamento)" />
			</column>

			<column name="dt_movimento" type="${date}" remarks="DATA DE MOVIMENTO">
				<constraints nullable="false" />
			</column>

			<column name="tx_documento" type="${varchar.10}" remarks="NÚMERO DO DOCUMENTO">
				<constraints nullable="false" />
			</column>

			<column name="dt_vencimento" type="${date}" remarks="DATA DE VENCIMENTO">
				<constraints nullable="false" />
			</column>

			<column name="vl_parcela" type="${numeric.18x2}" remarks="VALOR DA PARCELA">
				<constraints nullable="false" />
			</column>

			<column name="vl_desconto" type="${numeric.18x2}" remarks="VALOR DO DESCONTO">
				<constraints nullable="false" />
			</column>

			<column name="vl_acrescimo" type="${numeric.18x2}" remarks="VALOR DO ACRÉSCIMO">
				<constraints nullable="false" />
			</column>

			<column name="vl_juros" type="${numeric.18x2}" remarks="VALOR DOS JUROS">
				<constraints nullable="false" />
			</column>

			<column name="vl_pago" type="${numeric.18x2}" remarks="VALOR PAGO">
				<constraints nullable="false" />
			</column>

			<column name="dt_cadastro" type="${timestamp}" remarks="DATA DE CADASTRO">
				<constraints nullable="false" />
			</column>

			<column name="dt_manutencao" type="${timestamp}" remarks="DATA DE MANUTENÇÃO">
				<constraints nullable="false" />
			</column>

			<column name="fl_baixado" type="${boolean}" remarks="DOCUMENTO BAIXADO?">
				<constraints nullable="false" />
			</column>

			<column name="cd_status" type="${numeric.2x0}" remarks="STÁTUS DA CONTA">
				<constraints nullable="false" />
			</column>

		</createTable>

		<createSequence sequenceName="gen_contasreceber" />
	</changeSet>
</databaseChangeLog>
