<?xml version="1.0" encoding="UTF-8"?>
<databaseChangeLog xmlns="http://www.liquibase.org/xml/ns/dbchangelog" xmlns:xsi="http://www.w3.org/2001/XMLSchema-instance"
	xsi:schemaLocation="http://www.liquibase.org/xml/ns/dbchangelog
	http://www.liquibase.org/xml/ns/dbchangelog/dbchangelog-3.1.xsd">

	<include file="0.0/changeset/20190508_215100_tb_estado.xml" />
	<include file="0.0/changeset/20190508_215600_tb_cidade.xml" />
	<include file="0.0/changeset/20190508_215700_tb_grupo.xml" />
	<include file="0.0/changeset/20190508_215800_tb_cliente.xml" />
	<include file="0.0/changeset/20190508_220000_tb_perfil.xml" />
	<include file="0.0/changeset/20190508_220400_tb_usuario.xml" />
	<include file="0.0/changeset/20190508_221100_tb_perfilusuario.xml" />
	<include file="0.0/changeset/20190508_221800_tb_pesquisa.xml" />
	<include file="0.0/changeset/20190508_223000_tb_pesquisacampo.xml" />
	<include file="0.0/changeset/20190508_223300_tb_permissaopesquisa.xml" />
	<include file="0.0/changeset/20190511_181200_tb_programa.xml" />
	<include file="0.0/changeset/20190511_181600_tb_permissaoprograma.xml" />
	<include file="0.0/changeset/20190508_221900_tb_pesquisaselect.xml" />
	<include file="0.0/changeset/20190630_230800_tb_versao.xml" />
	<include file="0.0/changeset/20190921_211600_tb_pesquisapadrao.xml" />
	<include file="0.0/changeset/20200210_211100_tb_funcionario.xml" />
	<include file="0.0/changeset/20200210_214600_tb_salario.xml" />
	<include file="0.0/changeset/20201012_105400_tb_veiculo.xml" />
	<include file="0.0/changeset/20200229_173600_tb_planocontas.xml" />
	<include file="0.0/changeset/20201011_192400_tb_caixa.xml" />
	<include file="0.0/changeset/20201011_193400_tb_caixacabecalho.xml" />
	<include file="0.0/changeset/20201011_193900_tb_caixadetalhe.xml" />
	<include file="0.0/changeset/20201011_194400_tb_caixasaldo.xml" />
	<include file="0.0/changeset/20200228_153000_tb_formapagamento.xml" />
	<include file="0.0/changeset/20201012_171300_tb_historico.xml" />
	<include file="0.0/changeset/20201012_172100_tb_motorista.xml" />
	<include file="0.0/changeset/20201012_191800_add_campo_tb_veiculo.xml" />
	<include file="0.0/changeset/20201012_215200_tb_contasreceber.xml" />
	<include file="0.0/changeset/20201017_182800_tb_operacao.xml" />
	<include file="0.0/changeset/20201018_173400_tb_faturamento.xml" />
	<include file="0.0/changeset/20201018_174100_tb_faturamentotransporte.xml" />
	<include file="0.0/changeset/20201018_175100_tb_faturamentopagamento.xml" />
	<include file="0.0/changeset/20201018_194900_tb_diariocabecalho.xml" />
	<include file="0.0/changeset/20201018_195200_tb_diariodetalhe.xml" />
	<include file="0.0/changeset/20201022_231200_add_campo_tb_caixacabecalho.xml" />
	<include file="0.0/changeset/20201026_184300_add_campo_tb_veiculo.xml" />
	<include file="0.0/changeset/20201030_1665400_tb_contaspagar.xml" />
	<include file="0.0/changeset/20201107_112400_tb_centrocusto.xml" />
	<include file="0.0/changeset/20201107_113300_tb_historicocusto.xml" />
	<include file="0.0/changeset/20201107_114000_tb_alocacaocusto.xml" />
	<include file="0.0/changeset/20201107_120300_tb_faturamentoentrada.xml" />
	<include file="0.0/changeset/20201107_120500_tb_faturamentoentradapagamento.xml" />
	<include file="0.0/changeset/20201111_193900_tb_documentoentrada.xml" />

	<!-- INSERTS PROGRAMAS E PESQUISAS -->
	<include file="0.0/inserts/20190626_113800_carga_usuario.xml" />
	<include file="0.0/inserts/20190626_113900_carga_menu.xml" />
	<include file="0.0/inserts/20190626_115100_carga_pesquisa.xml" />
	<include file="0.0/inserts/20190626_115101_carga_pesquisacampo.xml" />
	<include file="0.0/inserts/20200229_201300_carga_planocontas.xml" />

</databaseChangeLog>