<?xml version="1.0" encoding="UTF-8"?>
<databaseChangeLog xmlns="http://www.liquibase.org/xml/ns/dbchangelog" xmlns:ext="http://www.liquibase.org/xml/ns/dbchangelog-ext"
	xmlns:xsi="http://www.w3.org/2001/XMLSchema-instance"
	xsi:schemaLocation="http://www.liquibase.org/xml/ns/dbchangelog http://www.liquibase.org/xml/ns/dbchangelog/dbchangelog-2.0.xsd  http://www.liquibase.org/xml/ns/dbchangelog-ext http://www.liquibase.org/xml/ns/dbchangelog/dbchangelog-ext.xsd">
	<changeSet id="20201201_210100" author="Leandro Zanatta" logicalFilePath="20201201_210100_tb_vinculoentradacaixa.xml">
		<preConditions onFail="CONTINUE">
			<not>
				<tableExists tableName="tb_vinculoentradacaixa" />
			</not>
		</preConditions>
		<createTable tableName="tb_vinculoentradacaixa">

			<column name="id_vinculoentradacaixa" type="${numeric.18x0}" remarks="CÓDIGO INDENTIFICADOR">
				<constraints primaryKey="true" primaryKeyName="vinculoentradacaixa_pk" nullable="false" />
			</column>

			<column name="cd_faturamentoentrada" type="${numeric.18x0}" remarks="CÓDIGO DO FATURAMENTO DE ENTRADA">
				<constraints nullable="false" foreignKeyName="vinculocaixa_faturamentoentrada_fk"
					references="tb_faturamentoentrada(id_faturamentoentrada)" />
			</column>

			<column name="cd_caixadetalhe" type="${numeric.18x0}" remarks="CÓDIGO DO CAIXA DETALHE">
				<constraints primaryKey="true" nullable="false" foreignKeyName="vinculoentradacaixa_caixadetalhe_fk"
					references="tb_caixadetalhe(id_caixadetalhe)" />
			</column>

		</createTable>

		<createSequence sequenceName="gen_vinculoentradacaixa" />
	</changeSet>
</databaseChangeLog>
