<?xml version="1.0" encoding="UTF-8"?>
<databaseChangeLog xmlns="http://www.liquibase.org/xml/ns/dbchangelog" xmlns:ext="http://www.liquibase.org/xml/ns/dbchangelog-ext"
	xmlns:xsi="http://www.w3.org/2001/XMLSchema-instance"
	xsi:schemaLocation="http://www.liquibase.org/xml/ns/dbchangelog http://www.liquibase.org/xml/ns/dbchangelog/dbchangelog-2.0.xsd  http://www.liquibase.org/xml/ns/dbchangelog-ext http://www.liquibase.org/xml/ns/dbchangelog/dbchangelog-ext.xsd">
	<changeSet id="20201202_001800" author="Leandro Zanatta" logicalFilePath="20201202_001800_tb_faturamentoentradascabecalho.xml">
		<preConditions onFail="CONTINUE">
			<not>
				<tableExists tableName="tb_faturamentoentradascabecalho" />
			</not>
		</preConditions>
		<createTable tableName="tb_faturamentoentradascabecalho">

			<column name="id_faturamentoentradascabecalho" type="${numeric.18x0}" remarks="CÓDIGO INDENTIFICADOR">
				<constraints primaryKey="true" primaryKeyName="faturamentoentradascabecalho_pk" nullable="false" />
			</column>

			<column name="cd_caixacabecalho" type="${numeric.18x0}" remarks="CÓDIGO DO CAIXA">
				<constraints nullable="false" foreignKeyName="faturamentoentradascabecalho_caixa_fk" references="tb_caixacabecalho(id_caixacabecalho)" />
			</column>

			<column name="cd_historico" type="${numeric.18x0}" remarks="CÓDIGO DO HISTORICO">
				<constraints nullable="false" foreignKeyName="faturamentoentradascabecalho_historico_fk" references="tb_historico(id_historico)" />
			</column>

			<column name="cd_centrocusto" type="${numeric.18x0}" remarks="CÓDIGO DO CENTRO DE CUSTOS">
				<constraints nullable="false" foreignKeyName="faturamentoentradascabecalho_centrocusto_fk" references="tb_centrocusto(id_centrocusto)" />
			</column>

			<column name="cd_cliente" type="${numeric.18x0}" remarks="CÓDIGO DO CLIENTE">
				<constraints nullable="false" foreignKeyName="faturamentoentradascabecalho_cliente_fk" references="tb_cliente(id_cliente)" />
			</column>

			<column name="dt_movimento" type="${date}" remarks="Data de Movimento">
				<constraints nullable="false" />
			</column>

			<column name="vl_bruto" type="${numeric.18x2}" remarks="VALOR BRUTO">
				<constraints nullable="false" />
			</column>

		</createTable>

		<createSequence sequenceName="gen_faturamentoentradascabecalho" />

	</changeSet>

	<changeSet id="20210114_194000" author="Leandro Zanatta" logicalFilePath="20201202_001800_tb_faturamentoentradascabecalho.xml">
		<modifyDataType columnName="dt_movimento" newDataType="${timestamp}" tableName="tb_faturamentoentradascabecalho" />
	</changeSet>
</databaseChangeLog>
