<?xml version="1.0" encoding="UTF-8"?>
<databaseChangeLog xmlns="http://www.liquibase.org/xml/ns/dbchangelog" xmlns:xsi="http://www.w3.org/2001/XMLSchema-instance"
	xsi:schemaLocation="http://www.liquibase.org/xml/ns/dbchangelog
	http://www.liquibase.org/xml/ns/dbchangelog/dbchangelog-3.1.xsd">

	<include file="0.0/changeset/20190508_215100_tb_estado.xml" />
	<include file="0.0/changeset/20190508_215600_tb_cidade.xml" />
	<include file="0.0/changeset/20190508_215700_tb_grupo.xml" />
	<include file="0.0/changeset/20190508_215800_tb_cliente.xml" />
	<include file="0.0/changeset/20190508_220000_tb_perfil.xml" />
	<include file="0.0/changeset/20190508_220400_tb_usuario.xml" />
	<include file="0.0/changeset/20190508_221100_tb_perfilusuario.xml" />
	<include file="0.0/changeset/20190508_221800_tb_pesquisa.xml" />
	<include file="0.0/changeset/20190508_223000_tb_pesquisacampo.xml" />
	<include file="0.0/changeset/20190508_223300_tb_permissaopesquisa.xml" />
	<include file="0.0/changeset/20190511_181200_tb_programa.xml" />
	<include file="0.0/changeset/20190511_181600_tb_permissaoprograma.xml" />
	<include file="0.0/changeset/20190508_221900_tb_pesquisaselect.xml" />
	<include file="0.0/changeset/20190630_230800_tb_versao.xml" />
	<include file="0.0/changeset/20190921_211600_tb_pesquisapadrao.xml" />
	<include file="0.0/changeset/20200210_211100_tb_funcionario.xml" />
	<include file="0.0/changeset/20200210_214600_tb_salario.xml" />
	<include file="0.0/changeset/20201012_105400_tb_veiculo.xml" />

	<!-- INSERTS PROGRAMAS E PESQUISAS -->
	<include file="0.0/inserts/20190626_113800_carga_usuario.xml" />
	<include file="0.0/inserts/20190626_113900_carga_menu.xml" />
	<include file="0.0/inserts/20190626_115100_carga_pesquisa.xml" />
	<include file="0.0/inserts/20190626_115101_carga_pesquisacampo.xml" />

</databaseChangeLog>