<?xml version="1.0" encoding="UTF-8"?>
<databaseChangeLog xmlns="http://www.liquibase.org/xml/ns/dbchangelog" xmlns:ext="http://www.liquibase.org/xml/ns/dbchangelog-ext"
	xmlns:xsi="http://www.w3.org/2001/XMLSchema-instance"
	xsi:schemaLocation="http://www.liquibase.org/xml/ns/dbchangelog http://www.liquibase.org/xml/ns/dbchangelog/dbchangelog-2.0.xsd  http://www.liquibase.org/xml/ns/dbchangelog-ext http://www.liquibase.org/xml/ns/dbchangelog/dbchangelog-ext.xsd">
	<changeSet id="20201012_172100" author="Leandro Zanatta" logicalFilePath="20201012_172100_tb_motorista.xml">
		<preConditions onFail="CONTINUE">
			<not>
				<tableExists tableName="tb_motorista" />
			</not>
		</preConditions>
		<createTable tableName="tb_motorista">

			<column name="id_motorista" type="${numeric.18x0}" remarks="CÓDIGO INDENTIFICADOR">
				<constraints primaryKey="true" primaryKeyName="motorista_pk" nullable="false" />
			</column>

			<column name="cd_funcionario" type="${numeric.18x0}" remarks="CÓDIGO DO FUNCIONÁRIO">
				<constraints nullable="false" foreignKeyName="motorista_funcionario_fk" references="tb_funcionario(id_funcionario)" />
			</column>

			<column name="tx_cnh" type="${varchar.5}" remarks="TIPO DE HABILITAÇÃO">
				<constraints nullable="false" />
			</column>

			<column name="nr_documento" type="${numeric.18x0}" remarks="NUMERO DA CNH">
				<constraints nullable="false" />
			</column>

			<column name="dt_vencimento" type="${date}" remarks="DATA DE VENCIMENTO DA CNH">
				<constraints nullable="false" />
			</column>

		</createTable>

		<createSequence sequenceName="gen_motorista" />

	</changeSet>
</databaseChangeLog>
