<?xml version="1.0" encoding="UTF-8"?>
<databaseChangeLog xmlns="http://www.liquibase.org/xml/ns/dbchangelog" xmlns:ext="http://www.liquibase.org/xml/ns/dbchangelog-ext"
	xmlns:xsi="http://www.w3.org/2001/XMLSchema-instance"
	xsi:schemaLocation="http://www.liquibase.org/xml/ns/dbchangelog http://www.liquibase.org/xml/ns/dbchangelog/dbchangelog-2.0.xsd  http://www.liquibase.org/xml/ns/dbchangelog-ext http://www.liquibase.org/xml/ns/dbchangelog/dbchangelog-ext.xsd">
	<changeSet id="20201202_000700" author="Leandro Zanatta" logicalFilePath="20201202_000700_tb_faturamentodetalhe.xml">
		<preConditions onFail="CONTINUE">
			<not>
				<tableExists tableName="tb_faturamentodetalhe" />
			</not>
		</preConditions>
		<createTable tableName="tb_faturamentodetalhe">

			<column name="id_faturamentodetalhe" type="${numeric.18x0}" remarks="CÓDIGO INDENTIFICADOR">
				<constraints primaryKey="true" primaryKeyName="faturamentodetalhe_pk" nullable="false" />
			</column>

			<column name="cd_faturamentocabecalho" type="${numeric.18x0}" remarks="CÓDIGO DO CABECALHO DE FATURAMENTO">
				<constraints nullable="false" foreignKeyName="faturamentodetalhe_faturamentocabecalho_fk"
					references="tb_faturamentocabecalho(id_faturamentocabecalho)" />
			</column>

			<column name="cd_veiculo" type="${numeric.18x0}" remarks="CÓDIGO DO VEÍCULO">
				<constraints nullable="true" foreignKeyName="faturamentodetalhe_veiculo_fk" references="tb_veiculo(id_veiculo)" />
			</column>

			<column name="cd_motorista" type="${numeric.18x0}" remarks="CÓDIGO DO MOTORISTA">
				<constraints nullable="true" foreignKeyName="faturamentodetalhe_motorista_fk" references="tb_motorista(id_motorista)" />
			</column>

			<column name="nr_documento" type="${varchar.100}" remarks="NÚMERO DO DOCUMENTO" />

			<column name="vl_bruto" type="${numeric.18x2}" remarks="VALOR BRUTO">
				<constraints nullable="false" />
			</column>

			<column name="vl_desconto" type="${numeric.18x2}" remarks="VALOR DESCONTO">
				<constraints nullable="false" />
			</column>

			<column name="vl_acrescimo" type="${numeric.18x2}" remarks="VALOR ACRÉSCIMO">
				<constraints nullable="false" />
			</column>
		</createTable>

		<createSequence sequenceName="gen_faturamentodetalhe" />

	</changeSet>
</databaseChangeLog>
