<?xml version="1.0" encoding="UTF-8"?>
<databaseChangeLog xmlns="http://www.liquibase.org/xml/ns/dbchangelog" xmlns:ext="http://www.liquibase.org/xml/ns/dbchangelog-ext"
	xmlns:xsi="http://www.w3.org/2001/XMLSchema-instance"
	xsi:schemaLocation="http://www.liquibase.org/xml/ns/dbchangelog http://www.liquibase.org/xml/ns/dbchangelog/dbchangelog-2.0.xsd  http://www.liquibase.org/xml/ns/dbchangelog-ext http://www.liquibase.org/xml/ns/dbchangelog/dbchangelog-ext.xsd">
	<changeSet id="20210213_202400" author="Leandro Zanatta" logicalFilePath="20210213_202400_tb_contasreceberpagamento.xml">

		<preConditions onFail="CONTINUE">
			<not>
				<tableExists tableName="tb_contasreceberpagamento" />
			</not>
		</preConditions>

		<createTable tableName="tb_contasreceberpagamento">

			<column name="id_contasreceberpagamento" type="${numeric.18x0}" remarks="CÓDIGO IDENTIFICADOR">
				<constraints primaryKey="true" primaryKeyName="contasreceberpagamento_pk" nullable="false" />
			</column>

			<column name="cd_contasreceber" type="${numeric.18x0}" remarks="CÓDIGO DO CONTAS Á RECEBER">
				<constraints nullable="false" foreignKeyName="contasreceber_contasreceberpagamento_fk" references="tb_contasreceber(id_contasreceber)" />
			</column>

			<column name="cd_caixacabecalho" type="${numeric.18x0}" remarks="CÓDIGO DO CLIENTE">
				<constraints nullable="false" foreignKeyName="caixacabecalho_contasreceberpagamento_fk"
					references="tb_caixacabecalho(id_caixacabecalho)" />
			</column>

			<column name="cd_historico" type="${numeric.18x0}" remarks="CÓDIGO DO HISTÓRICO">
				<constraints nullable="false" foreignKeyName="historico_contasreceberpagamento_fk" references="tb_historico(id_historico)" />
			</column>

			<column name="cd_formaspagamento" type="${numeric.18x0}" remarks="CÓDIGO DA FORMA DE PAGAMENTO OPTADA">
				<constraints nullable="false" foreignKeyName="pagamento_contasreceberpagamento_fk" references="tb_formapagamento(id_formapagamento)" />
			</column>

			<column name="vl_desconto" type="${numeric.18x2}" remarks="VALOR DO DESCONTO">
				<constraints nullable="false" />
			</column>

			<column name="vl_acrescimo" type="${numeric.18x2}" remarks="VALOR DO ACRÉSCIMO">
				<constraints nullable="false" />
			</column>

			<column name="vl_juros" type="${numeric.18x2}" remarks="VALOR DOS JUROS">
				<constraints nullable="false" />
			</column>

			<column name="vl_parcela" type="${numeric.18x2}" remarks="VALOR PAGO">
				<constraints nullable="false" />
			</column>

			<column name="dt_movimento" type="${date}" remarks="DATA DE MOVIMENTO">
				<constraints nullable="false" />
			</column>

			<column name="dt_cadastro" type="${timestamp}" remarks="DATA DE CADASTRO">
				<constraints nullable="false" />
			</column>

			<column name="dt_manutencao" type="${timestamp}" remarks="DATA DE MANUTENÇÃO">
				<constraints nullable="false" />
			</column>

		</createTable>

		<createSequence sequenceName="gen_contasreceberpagamento" />
	</changeSet>
</databaseChangeLog>
