<?xml version="1.0" encoding="UTF-8"?>
<databaseChangeLog xmlns="http://www.liquibase.org/xml/ns/dbchangelog" xmlns:ext="http://www.liquibase.org/xml/ns/dbchangelog-ext"
	xmlns:xsi="http://www.w3.org/2001/XMLSchema-instance"
	xsi:schemaLocation="http://www.liquibase.org/xml/ns/dbchangelog http://www.liquibase.org/xml/ns/dbchangelog/dbchangelog-2.0.xsd  http://www.liquibase.org/xml/ns/dbchangelog-ext http://www.liquibase.org/xml/ns/dbchangelog/dbchangelog-ext.xsd">
	<changeSet id="20210708_193300" author="Leandro Zanatta" logicalFilePath="20210708_193300_add_campo_tb_faturamentoentradascabecalho.xml">
		<preConditions onFail="CONTINUE">
			<not>
				<columnExists tableName="tb_faturamentoentradascabecalho" columnName="tx_observacao" />
			</not>
		</preConditions>
		<addColumn tableName="tb_faturamentoentradascabecalho">

			<column name="tx_observacao" type="${blob.text}" remarks="OBSERVAÇÃO" />
		</addColumn>
	</changeSet>
</databaseChangeLog>
