<?xml version="1.0" encoding="UTF-8"?>
<databaseChangeLog xmlns="http://www.liquibase.org/xml/ns/dbchangelog" xmlns:ext="http://www.liquibase.org/xml/ns/dbchangelog-ext"
	xmlns:xsi="http://www.w3.org/2001/XMLSchema-instance"
	xsi:schemaLocation="http://www.liquibase.org/xml/ns/dbchangelog http://www.liquibase.org/xml/ns/dbchangelog/dbchangelog-2.0.xsd  http://www.liquibase.org/xml/ns/dbchangelog-ext http://www.liquibase.org/xml/ns/dbchangelog/dbchangelog-ext.xsd">
	<changeSet id="20201226_121300" author="Leandro Zanatta" logicalFilePath="20201226_121300_tb_parametrooperacaofinanceira.xml">

		<preConditions onFail="CONTINUE">
			<not>
				<tableExists tableName="tb_parametrooperacaofinanceira" />
			</not>
		</preConditions>

		<createTable tableName="tb_parametrooperacaofinanceira">

			<column name="id_parametrooperacaofinanceira" type="${numeric.18x0}" remarks="CÓDIGO IDENTIFICADOR">
				<constraints primaryKey="true" primaryKeyName="parametrooperacaofinanceira_pk" nullable="false" />
			</column>

			<column name="cd_tipofinanceiro" type="${numeric.18x0}" remarks="CÓDIGO DO TIPO FINANCEIRO (1- CONTAS A PAGAR - 1 CONTAS A RECEBER)">
				<constraints nullable="false" uniqueConstraintName="parametrooperacaofinanceira_uniq001" />
			</column>

			<column name="cd_tipoconta" type="${numeric.18x0}" remarks="CÓDIGO DO TIPO DE CONTA (1- DESCONTOS - 1 ACRÉSCIMOS - 3- JUROS)">
				<constraints nullable="false" uniqueConstraintName="parametrooperacaofinanceira_uniq001" />
			</column>

			<column name="cd_historico" type="${numeric.18x0}" remarks="CÓDIGO DO HISTÓRICO">
				<constraints nullable="false" foreignKeyName="historico_parametrooperacaofinanceira_fk" references="tb_historico(id_historico)" />
			</column>

			<column name="cd_formaspagamento" type="${numeric.18x0}" remarks="CÓDIGO DA FORMA DE PAGAMENTO OPTADA">
				<constraints nullable="false" foreignKeyName="pagamento_parametrooperacaofinanceira_fk"
					references="tb_formapagamento(id_formapagamento)" />
			</column>

			<column name="cd_contacredora" type="${numeric.18x0}" remarks="CÓDIGO DA FORMA DE PAGAMENTO">
				<constraints nullable="false" foreignKeyName="parametrooperacaofinanceira_contacredora_fk" references="tb_planocontas(id_planocontas)" />
			</column>

			<column name="cd_contadevedora" type="${numeric.18x0}" remarks="CÓDIGO DA FORMA DE PAGAMENTO">
				<constraints nullable="false" foreignKeyName="parametrooperacaofinanceira_contadevedora_fk"
					references="tb_planocontas(id_planocontas)" />
			</column>

		</createTable>

		<createSequence sequenceName="gen_parametrooperacaofinanceira" />
	</changeSet>
</databaseChangeLog>
