<?xml version="1.0" encoding="UTF-8"?>
<databaseChangeLog xmlns="http://www.liquibase.org/xml/ns/dbchangelog" xmlns:ext="http://www.liquibase.org/xml/ns/dbchangelog-ext"
	xmlns:xsi="http://www.w3.org/2001/XMLSchema-instance"
	xsi:schemaLocation="http://www.liquibase.org/xml/ns/dbchangelog http://www.liquibase.org/xml/ns/dbchangelog/dbchangelog-2.0.xsd  http://www.liquibase.org/xml/ns/dbchangelog-ext http://www.liquibase.org/xml/ns/dbchangelog/dbchangelog-ext.xsd">
	<changeSet id="20201107_112400" author="Leandro Zanatta" logicalFilePath="20201107_112400_tb_centrocusto.xml">

		<preConditions onFail="CONTINUE">
			<not>
				<tableExists tableName="tb_centrocusto" />
			</not>
		</preConditions>

		<createTable tableName="tb_centrocusto">

			<column name="id_centrocusto" type="${numeric.18x0}" remarks="CÓDIGO IDENTIFICADOR">
				<constraints primaryKey="true" primaryKeyName="centrocusto_pk" nullable="false" />
			</column>

			<column name="tx_descricao" type="${varchar.100}" remarks="DESCRIÇÃO">
				<constraints nullable="false" />
			</column>

		</createTable>

		<createSequence sequenceName="gen_centrocusto" />
	</changeSet>
</databaseChangeLog>
