<?xml version="1.0" encoding="UTF-8"?>
<databaseChangeLog xmlns="http://www.liquibase.org/xml/ns/dbchangelog" xmlns:ext="http://www.liquibase.org/xml/ns/dbchangelog-ext"
	xmlns:xsi="http://www.w3.org/2001/XMLSchema-instance"
	xsi:schemaLocation="http://www.liquibase.org/xml/ns/dbchangelog http://www.liquibase.org/xml/ns/dbchangelog/dbchangelog-2.0.xsd  http://www.liquibase.org/xml/ns/dbchangelog-ext http://www.liquibase.org/xml/ns/dbchangelog/dbchangelog-ext.xsd">
	<changeSet id="20201011_194400" author="Leandro Zanatta" logicalFilePath="20201011_194400_tb_caixasaldo.xml">
		<preConditions onFail="CONTINUE">
			<not>
				<tableExists tableName="tb_caixasaldo" />
			</not>
		</preConditions>
		<createTable tableName="tb_caixasaldo">

			<column name="id_caixasaldo" type="${numeric.18x0}" remarks="CÓDIGO INDENTIFICADOR">
				<constraints primaryKey="true" primaryKeyName="caixasaldo_pk" nullable="false" />
			</column>

			<column name="dt_movimento" type="${timestamp}" remarks="DATA DO MOVIMENTO">
				<constraints nullable="false" />
			</column>

			<column name="cd_caixacabecalho" type="${numeric.18x0}" remarks="CÓDIGO DO MOVIMENTO DE CAIXA">
				<constraints nullable="false" foreignKeyName="caixasaldo_caixacabecalho_fk" references="tb_caixacabecalho(id_caixacabecalho)" />
			</column>

			<column name="vl_saldo" type="${numeric.18x2}" remarks="VALOR DO SALDO DE CAIXA">
				<constraints nullable="false" />
			</column>

		</createTable>

		<createSequence sequenceName="gen_caixasaldo" />

	</changeSet>

	<changeSet id="20201031_155400" author="Leandro Zanatta" logicalFilePath="20201031_155400_add_campo_tb_caixasaldo.xml">

		<addColumn tableName="tb_caixasaldo">
			<column name="vl_saldoacumulado" type="${numeric.18x2}" />
		</addColumn>

		<update tableName="tb_caixasaldo">
			<column name="vl_saldoacumulado" value="0" />
		</update>

		<addNotNullConstraint tableName="tb_caixasaldo" columnName="vl_saldoacumulado" columnDataType="${numeric.18x2}" />
	</changeSet>
</databaseChangeLog>
